trial,iterations,timesteps,best_reward,final_reward,final_episode_length,algo,seed,param,metric_source,path
SAC_DroneHover-v0_dc976_00000_0_2026-08-23_14-33-36,991,100002,473.951,465.269,242.0,SAC,,,evaluation,experiments\results\sac_hover_baseline\SAC_DroneHover-v0_dc976_00000_0_2026-08-23_14-33-36
ARS_DroneHover-v0_8f977_00000_0_seed=0_2026-09-16_23-57-07,296,500186,480.9,455.958,,ARS,0,,train_return(no_eval_logged),experiments\results\ars_hover_baseline\ARS_DroneHover-v0_8f977_00000_0_seed=0_2026-09-16_23-57-07
PPO_DroneHover-v0_fb46c_00000_0_2026-08-23_13-44-22,25,100000,470.401,437.789,242.0,PPO,,,evaluation,experiments\results\ppo_hover_baseline\PPO_DroneHover-v0_fb46c_00000_0_2026-08-23_13-44-22
SAC_2e2e4_00014,25,102400,442.229,423.443,242.0,SAC,3,reward.mode=energy_aware,evaluation,experiments\results\sac_hover_reward_modes\SAC_2e2e4_00014
SAC_2e2e4_00018,25,102400,440.342,421.407,242.0,SAC,4,reward.mode=energy_aware,evaluation,experiments\results\sac_hover_reward_modes\SAC_2e2e4_00018
SAC_2e2e4_00017,25,102400,421.344,421.344,224.0,SAC,4,reward.mode=stable_hover,evaluation,experiments\results\sac_hover_reward_modes\SAC_2e2e4_00017
SAC_2e2e4_00009,25,102400,456.632,420.747,242.0,SAC,2,reward.mode=stable_hover,evaluation,experiments\results\sac_hover_reward_modes\SAC_2e2e4_00009
SAC_2e2e4_00007,25,102400,418.121,418.121,242.0,SAC,1,reward.mode=smooth_control,evaluation,experiments\results\sac_hover_reward_modes\SAC_2e2e4_00007
SAC_2e2e4_00006,25,102400,407.482,407.482,242.0,SAC,1,reward.mode=energy_aware,evaluation,experiments\results\sac_hover_reward_modes\SAC_2e2e4_00006
SAC_2e2e4_00002,25,102400,409.341,397.418,242.0,SAC,0,reward.mode=energy_aware,evaluation,experiments\results\sac_hover_reward_modes\SAC_2e2e4_00002
SAC_2e2e4_00010,25,102400,431.976,390.704,242.0,SAC,2,reward.mode=energy_aware,evaluation,experiments\results\sac_hover_reward_modes\SAC_2e2e4_00010
SAC_2e2e4_00001,25,102400,416.592,377.776,242.0,SAC,0,reward.mode=stable_hover,evaluation,experiments\results\sac_hover_reward_modes\SAC_2e2e4_00001
SAC_2e2e4_00011,25,102400,430.635,355.683,242.0,SAC,2,reward.mode=smooth_control,evaluation,experiments\results\sac_hover_reward_modes\SAC_2e2e4_00011
SAC_2e2e4_00000,25,102400,353.599,353.599,242.0,SAC,0,reward.mode=position,evaluation,experiments\results\sac_hover_reward_modes\SAC_2e2e4_00000
SAC_2e2e4_00003,25,102400,345.97,345.97,242.0,SAC,0,reward.mode=smooth_control,evaluation,experiments\results\sac_hover_reward_modes\SAC_2e2e4_00003
ARS_DroneHover-v0_2d4dd_00000_0_seed=0_2026-09-16_23-54-23,3,5526,345.667,345.667,,ARS,0,,train_return(no_eval_logged),experiments\results\ars_hover_bounds_smoke\ARS_DroneHover-v0_2d4dd_00000_0_seed=0_2026-09-16_23-54-23
SAC_DroneHover-v0_19739_00000_0_2026-08-23_14-28-09,8,1109,333.855,333.855,242.0,SAC,,,evaluation,experiments\results\sac_hover_smoke_replay\SAC_DroneHover-v0_19739_00000_0_2026-08-23_14-28-09
PPO_DroneHover-v0_c283e_00000_0_2026-08-23_13-35-37,1,4000,328.7,328.7,,PPO,,,train_return(no_eval_logged),experiments\results\ppo_hover_smoke_flat\PPO_DroneHover-v0_c283e_00000_0_2026-08-23_13-35-37
PPO_DroneHover-v0_64b7f_00000_0_2026-08-23_14-01-38,25,100000,463.932,315.865,181.8,PPO,,,evaluation,experiments\results\ppo_hover_baseline\PPO_DroneHover-v0_64b7f_00000_0_2026-08-23_14-01-38
PPO_8e0f0_00000,1,4096,296.086,296.086,,CODEX,0,reward.mode=stable_hover,train_return(no_eval_logged),experiments\results\codex_path_smoke\PPO_8e0f0_00000
PPO_DroneHover-v0_0329f_00000_0_2026-08-23_19-35-20,1,4000,276.607,276.607,,PPO,,observation_noise_std=0.01,train_return(no_eval_logged),experiments\results\ppo_hover_noise_smoke_clip\PPO_DroneHover-v0_0329f_00000_0_2026-08-23_19-35-20
SAC_2e2e4_00013,25,102400,354.684,241.975,143.0,SAC,3,reward.mode=stable_hover,evaluation,experiments\results\sac_hover_reward_modes\SAC_2e2e4_00013
SAC_2e2e4_00004,25,102400,297.593,237.846,176.0,SAC,1,reward.mode=position,evaluation,experiments\results\sac_hover_reward_modes\SAC_2e2e4_00004
SAC_2e2e4_00005,25,102400,394.213,215.586,127.2,SAC,1,reward.mode=stable_hover,evaluation,experiments\results\sac_hover_reward_modes\SAC_2e2e4_00005
SAC_2e2e4_00015,25,102400,419.461,182.908,107.8,SAC,3,reward.mode=smooth_control,evaluation,experiments\results\sac_hover_reward_modes\SAC_2e2e4_00015
SAC_2e2e4_00016,25,102400,213.371,133.552,107.8,SAC,4,reward.mode=position,evaluation,experiments\results\sac_hover_reward_modes\SAC_2e2e4_00016
SAC_2e2e4_00008,25,102400,265.527,101.426,85.0,SAC,2,reward.mode=position,evaluation,experiments\results\sac_hover_reward_modes\SAC_2e2e4_00008
SAC_2e2e4_00019,25,102400,361.06,96.828,62.0,SAC,4,reward.mode=smooth_control,evaluation,experiments\results\sac_hover_reward_modes\SAC_2e2e4_00019
SAC_2e2e4_00012,25,102400,273.262,73.987,62.0,SAC,3,reward.mode=position,evaluation,experiments\results\sac_hover_reward_modes\SAC_2e2e4_00012
